generation,colors,conflicts,sequence
0,1,2,3,4,1,0 0 0 1 1 0 3 2 1 1 3 
4,5,0,0 0 -1 1 1 0 3 2 1 1 3 
5,4,0,0 0 2 0 1 2 3 1 3 1 2 
6,4,0,0 0 2 0 1 2 3 1 3 1 2 
7,4,0,0 0 2 0 1 2 3 1 3 1 2 
8,4,0,0 0 2 0 1 2 3 1 3 1 2 
9,4,0,0 0 2 0 1 2 3 1 3 1 2 
10,4,0,0 0 2 0 1 2 3 1 3 1 2 
11,4,0,0 0 2 0 1 2 3 1 3 1 2 
12,4,0,0 0 2 0 1 2 3 1 3 1 2 
13,4,0,0 0 2 0 1 2 3 1 3 1 2 
14,4,0,0 0 2 0 1 2 3 1 3 1 2 
15,4,0,0 0 2 0 1 2 3 1 3 1 2 
16,4,0,0 0 2 0 1 2 3 1 3 1 2 
17,4,0,0 0 2 0 1 2 3 1 3 1 2 
18,4,0,0 0 2 0 1 2 3 1 3 1 2 
19,4,0,0 0 2 0 1 2 3 1 3 1 2 
20,4,0,0 0 2 0 1 2 3 1 3 1 2 
21,4,0,0 0 2 0 1 2 3 1 3 1 2 
22,4,0,0 0 2 0 1 2 3 1 3 1 2 
23,4,0,0 0 2 0 1 2 3 1 3 1 2 
24,4,0,0 0 2 0 1 2 3 1 3 1 2 
25,4,0,0 0 2 0 1 2 3 1 3 1 2 
26,4,0,0 0 2 0 1 2 3 1 3 1 2 
27,4,0,0 0 2 0 1 2 3 1 3 1 2 
28,4,0,0 0 2 0 1 2 3 1 3 1 2 
29,4,0,0 0 2 0 1 2 3 1 3 1 2 
30,4,0,0 0 2 0 1 2 3 1 3 1 2 
31,4,0,0 0 2 0 1 2 3 1 3 1 2 
32,4,0,0 0 2 0 1 2 3 1 3 1 2 
33,4,0,0 0 2 0 1 2 3 1 3 1 2 
34,4,0,0 0 2 0 1 2 3 1 3 1 2 
35,4,0,0 0 2 0 1 2 3 1 3 1 2 
36,4,0,0 0 2 0 1 2 3 1 3 1 2 
37,4,0,0 0 2 0 1 2 3 1 3 1 2 
38,4,0,0 0 2 0 1 2 3 1 3 1 2 
39,4,0,0 0 2 0 1 2 3 1 3 1 2 
40,4,0,0 0 2 0 1 2 3 1 3 1 2 
41,4,0,0 0 2 0 1 2 3 1 3 1 2 
42,4,0,0 0 2 0 1 2 3 1 3 1 2 
43,4,0,0 0 2 0 1 2 3 1 3 1 2 
44,4,0,0 0 2 0 1 2 3 1 3 1 2 
45,4,0,0 0 2 0 1 2 3 1 3 1 2 
46,4,0,0 0 2 0 1 2 3 1 3 1 2 
47,4,0,0 0 2 0 1 2 3 1 3 1 2 
48,4,0,0 0 2 0 1 2 3 1 3 1 2 
49,4,0,0 0 2 0 1 2 3 1 3 1 2 
50,4,0,0 0 2 0 1 2 3 1 3 1 2 
51,4,0,0 0 2 0 1 2 3 1 3 1 2 
52,4,0,0 0 2 0 1 2 3 1 3 1 2 
53,4,0,0 0 2 0 1 2 3 1 3 1 2 
54,4,0,0 0 2 0 1 2 3 1 3 1 2 
55,4,0,0 0 2 0 1 2 3 1 3 1 2 
56,4,0,0 0 2 0 1 2 3 1 3 1 2 
57,4,0,0 0 2 0 1 2 3 1 3 1 2 
58,4,0,0 0 2 0 1 2 3 1 3 1 2 
59,4,0,0 0 2 0 1 2 3 1 3 1 2 
60,4,0,0 0 2 0 1 2 3 1 3 1 2 
61,4,0,0 0 2 0 1 2 3 1 3 1 2 
62,4,0,0 0 2 0 1 2 3 1 3 1 2 
63,4,0,0 0 2 0 1 2 3 1 3 1 2 
64,4,0,0 0 2 0 1 2 3 1 3 1 2 
65,4,0,0 0 2 0 1 2 3 1 3 1 2 
66,4,0,0 0 2 0 1 2 3 1 3 1 2 
67,4,0,0 0 2 0 1 2 3 1 3 1 2 
68,4,0,0 0 2 0 1 2 3 1 3 1 2 
69,4,0,0 0 2 0 1 2 3 1 3 1 2 
70,4,0,0 0 2 0 1 2 3 1 3 1 2 
71,4,0,0 0 2 0 1 2 3 1 3 1 2 
72,4,0,0 0 2 0 1 2 3 1 3 1 2 
73,4,0,0 0 2 0 1 2 3 1 3 1 2 
74,4,0,0 0 2 0 1 2 3 1 3 1 2 
75,4,0,0 0 2 0 1 2 3 1 3 1 2 
76,4,0,0 0 2 0 1 2 3 1 3 1 2 
77,4,0,0 0 2 0 1 2 3 1 3 1 2 
78,4,0,0 0 2 0 1 2 3 1 3 1 2 
79,4,0,0 0 2 0 1 2 3 1 3 1 2 
80,4,0,0 0 2 0 1 2 3 1 3 1 2 
81,4,0,0 0 2 0 1 2 3 1 3 1 2 
82,4,0,0 0 2 0 1 2 3 1 3 1 2 
83,4,0,0 0 2 0 1 2 3 1 3 1 2 
84,4,0,0 0 2 0 1 2 3 1 3 1 2 
85,4,0,0 0 2 0 1 2 3 1 3 1 2 
86,4,0,0 0 2 0 1 2 3 1 3 1 2 
87,4,0,0 0 2 0 1 2 3 1 3 1 2 
88,4,0,0 0 2 0 1 2 3 1 3 1 2 
89,4,0,0 0 2 0 1 2 3 1 3 1 2 
90,4,0,0 0 2 0 1 2 3 1 3 1 2 
91,4,0,0 0 2 0 1 2 3 1 3 1 2 
92,4,0,0 0 2 0 1 2 3 1 3 1 2 
93,4,0,0 0 2 0 1 2 3 1 3 1 2 
94,4,0,0 0 2 0 1 2 3 1 3 1 2 
95,4,0,0 0 2 0 1 2 3 1 3 1 2 
96,4,0,0 0 2 0 1 2 3 1 3 1 2 
97,4,0,0 0 2 0 1 2 3 1 3 1 2 
98,4,0,0 0 2 0 1 2 3 1 3 1 2 
99,4,0,0 0 2 0 1 2 3 1 3 1 2 
100,4,0,0 0 2 0 1 2 3 1 3 1 2 
101,4,0,0 0 2 0 1 2 3 1 3 1 2 
102,4,0,0 0 2 0 1 2 3 1 3 1 2 
103,4,0,0 0 2 0 1 2 3 1 3 1 2 
104,4,0,0 0 2 0 1 2 3 1 3 1 2 
105,4,0,0 0 2 0 1 2 3 1 3 1 2 
106,4,0,0 0 2 0 1 2 3 1 3 1 2 
107,4,0,0 0 2 0 1 2 3 1 3 1 2 
108,4,0,0 0 2 0 1 2 3 1 3 1 2 
109,4,0,0 0 2 0 1 2 3 1 3 1 2 
110,4,0,0 0 2 0 1 2 3 1 3 1 2 
111,4,0,0 0 2 0 1 2 3 1 3 1 2 
112,4,0,0 0 2 0 1 2 3 1 3 1 2 
113,4,0,0 0 2 0 1 2 3 1 3 1 2 
114,4,0,0 0 2 0 1 2 3 1 3 1 2 
115,4,0,0 0 2 0 1 2 3 1 3 1 2 
116,4,0,0 0 2 0 1 2 3 1 3 1 2 
117,4,0,0 0 2 0 1 2 3 1 3 1 2 
118,4,0,0 0 2 0 1 2 3 1 3 1 2 
119,4,0,0 0 2 0 1 2 3 1 3 1 2 
120,4,0,0 0 2 0 1 2 3 1 3 1 2 
121,4,0,0 0 2 0 1 2 3 1 3 1 2 
122,4,0,0 0 2 0 1 2 3 1 3 1 2 
123,4,0,0 0 2 0 1 2 3 1 3 1 2 
124,4,0,0 0 2 0 1 2 3 1 3 1 2 
125,4,0,0 0 2 0 1 2 3 1 3 1 2 
126,4,0,0 0 2 0 1 2 3 1 3 1 2 
127,4,0,0 0 2 0 1 2 3 1 3 1 2 
128,4,0,0 0 2 0 1 2 3 1 3 1 2 
129,4,0,0 0 2 0 1 2 3 1 3 1 2 
130,4,0,0 0 2 0 1 2 3 1 3 1 2 
131,4,0,0 0 2 0 1 2 3 1 3 1 2 
132,4,0,0 0 2 0 1 2 3 1 3 1 2 
133,4,0,0 0 2 0 1 2 3 1 3 1 2 
134,4,0,0 0 2 0 1 2 3 1 3 1 2 
135,4,0,0 0 2 0 1 2 3 1 3 1 2 
136,4,0,0 0 2 0 1 2 3 1 3 1 2 
137,4,0,0 0 2 0 1 2 3 1 3 1 2 
138,4,0,0 0 2 0 1 2 3 1 3 1 2 
139,4,0,0 0 2 0 1 2 3 1 3 1 2 
140,4,0,0 0 2 0 1 2 3 1 3 1 2 
141,4,0,0 0 2 0 1 2 3 1 3 1 2 
142,4,0,0 0 2 0 1 2 3 1 3 1 2 
143,4,0,0 0 2 0 1 2 3 1 3 1 2 
144,4,0,0 0 2 0 1 2 3 1 3 1 2 
145,4,0,0 0 2 0 1 2 3 1 3 1 2 
146,4,0,0 0 2 0 1 2 3 1 3 1 2 
147,4,0,0 0 2 0 1 2 3 1 3 1 2 
148,4,0,0 0 2 0 1 2 3 1 3 1 2 
149,4,0,0 0 2 0 1 2 3 1 3 1 2 
150,4,0,0 0 2 0 1 2 3 1 3 1 2 
151,4,0,0 0 2 0 1 2 3 1 3 1 2 
152,4,0,0 0 2 0 1 2 3 1 3 1 2 
153,4,0,0 0 2 0 1 2 3 1 3 1 2 
154,4,0,0 0 2 0 1 2 3 1 3 1 2 
155,4,0,0 0 2 0 1 2 3 1 3 1 2 
156,4,0,0 0 2 0 1 2 3 1 3 1 2 
157,4,0,0 0 2 0 1 2 3 1 3 1 2 
158,4,0,0 0 2 0 1 2 3 1 3 1 2 
159,4,0,0 0 2 0 1 2 3 1 3 1 2 
160,4,0,0 0 2 0 1 2 3 1 3 1 2 
161,4,0,0 0 2 0 1 2 3 1 3 1 2 
162,4,0,0 0 2 0 1 2 3 1 3 1 2 
163,4,0,0 0 2 0 1 2 3 1 3 1 2 
164,4,0,0 0 2 0 1 2 3 1 3 1 2 
165,4,0,0 0 2 0 1 2 3 1 3 1 2 
166,4,0,0 0 2 0 1 2 3 1 3 1 2 
167,4,0,0 0 2 0 1 2 3 1 3 1 2 
168,4,0,0 0 2 0 1 2 3 1 3 1 2 
169,4,0,0 0 2 0 1 2 3 1 3 1 2 
170,4,0,0 0 2 0 1 2 3 1 3 1 2 
171,4,0,0 0 2 0 1 2 3 1 3 1 2 
172,4,0,0 0 2 0 1 2 3 1 3 1 2 
173,4,0,0 0 2 0 1 2 3 1 3 1 2 
174,4,0,0 0 2 0 1 2 3 1 3 1 2 
175,4,0,0 0 2 0 1 2 3 1 3 1 2 
176,4,0,0 0 2 0 1 2 3 1 3 1 2 
177,4,0,0 0 2 0 1 2 3 1 3 1 2 
178,4,0,0 0 2 0 1 2 3 1 3 1 2 
179,4,0,0 0 2 0 1 2 3 1 3 1 2 
180,4,0,0 0 2 0 1 2 3 1 3 1 2 
181,4,0,0 0 2 0 1 2 3 1 3 1 2 
182,4,0,0 0 2 0 1 2 3 1 3 1 2 
183,4,0,0 0 2 0 1 2 3 1 3 1 2 
184,4,0,0 0 2 0 1 2 3 1 3 1 2 
185,4,0,0 0 2 0 1 2 3 1 3 1 2 
186,4,0,0 0 2 0 1 2 3 1 3 1 2 
187,4,0,0 0 2 0 1 2 3 1 3 1 2 
188,4,0,0 0 2 0 1 2 3 1 3 1 2 
189,4,0,0 0 2 0 1 2 3 1 3 1 2 
190,4,0,0 0 2 0 1 2 3 1 3 1 2 
191,4,0,0 0 2 0 1 2 3 1 3 1 2 
192,4,0,0 0 2 0 1 2 3 1 3 1 2 
193,4,0,0 0 2 0 1 2 3 1 3 1 2 
194,4,0,0 0 2 0 1 2 3 1 3 1 2 
195,4,0,0 0 2 0 1 2 3 1 3 1 2 
196,4,0,0 0 2 0 1 2 3 1 3 1 2 
197,4,0,0 0 2 0 1 2 3 1 3 1 2 
198,4,0,0 0 2 0 1 2 3 1 3 1 2 
199,4,0,0 0 2 0 1 2 3 1 3 1 2 
200,4,0,0 0 2 0 1 2 3 1 3 1 2 
201,4,0,0 0 2 0 1 2 3 1 3 1 2 
202,4,0,0 0 2 0 1 2 3 1 3 1 2 
203,4,0,0 0 2 0 1 2 3 1 3 1 2 
204,4,0,0 0 2 0 1 2 3 1 3 1 2 
205,4,0,0 0 2 0 1 2 3 1 3 1 2 
206,4,0,0 0 2 0 1 2 3 1 3 1 2 
207,4,0,0 0 2 0 1 2 3 1 3 1 2 
208,4,0,0 0 2 0 1 2 3 1 3 1 2 
209,4,0,0 0 2 0 1 2 3 1 3 1 2 
210,4,0,0 0 2 0 1 2 3 1 3 1 2 
211,4,0,0 0 2 0 1 2 3 1 3 1 2 
212,4,0,0 0 2 0 1 2 3 1 3 1 2 
213,4,0,0 0 2 0 1 2 3 1 3 1 2 
214,4,0,0 0 2 0 1 2 3 1 3 1 2 
215,4,0,0 0 2 0 1 2 3 1 3 1 2 
216,4,0,0 0 2 0 1 2 3 1 3 1 2 
217,4,0,0 0 2 0 1 2 3 1 3 1 2 
218,4,0,0 0 2 0 1 2 3 1 3 1 2 
219,4,0,0 0 2 0 1 2 3 1 3 1 2 
220,4,0,0 0 2 0 1 2 3 1 3 1 2 
221,4,0,0 0 2 0 1 2 3 1 3 1 2 
222,4,0,0 0 2 0 1 2 3 1 3 1 2 
223,4,0,0 0 2 0 1 2 3 1 3 1 2 
224,4,0,0 0 2 0 1 2 3 1 3 1 2 
225,4,0,0 0 2 0 1 2 3 1 3 1 2 
226,4,0,0 0 2 0 1 2 3 1 3 1 2 
227,4,0,0 0 2 0 1 2 3 1 3 1 2 
228,4,0,0 0 2 0 1 2 3 1 3 1 2 
229,4,0,0 0 2 0 1 2 3 1 3 1 2 
230,4,0,0 0 2 0 1 2 3 1 3 1 2 
231,4,0,0 0 2 0 1 2 3 1 3 1 2 
232,4,0,0 0 2 0 1 2 3 1 3 1 2 
233,4,0,0 0 2 0 1 2 3 1 3 1 2 
234,4,0,0 0 2 0 1 2 3 1 3 1 2 
235,4,0,0 0 2 0 1 2 3 1 3 1 2 
236,4,0,0 0 2 0 1 2 3 1 3 1 2 
237,4,0,0 0 2 0 1 2 3 1 3 1 2 
238,4,0,0 0 2 0 1 2 3 1 3 1 2 
239,4,0,0 0 2 0 1 2 3 1 3 1 2 
240,4,0,0 0 2 0 1 2 3 1 3 1 2 
241,4,0,0 0 2 0 1 2 3 1 3 1 2 
242,4,0,0 0 2 0 1 2 3 1 3 1 2 
243,4,0,0 0 2 0 1 2 3 1 3 1 2 
244,4,0,0 0 2 0 1 2 3 1 3 1 2 
245,4,0,0 0 2 0 1 2 3 1 3 1 2 
246,4,0,0 0 2 0 1 2 3 1 3 1 2 
247,4,0,0 0 2 0 1 2 3 1 3 1 2 
248,4,0,0 0 2 0 1 2 3 1 3 1 2 
249,4,0,0 0 2 0 1 2 3 1 3 1 2 
250,4,0,0 0 2 0 1 2 3 1 3 1 2 
251,4,0,0 0 2 0 1 2 3 1 3 1 2 
252,4,0,0 0 2 0 1 2 3 1 3 1 2 
253,4,0,0 0 2 0 1 2 3 1 3 1 2 
254,4,0,0 0 2 0 1 2 3 1 3 1 2 
255,4,0,0 0 2 0 1 2 3 1 3 1 2 
256,4,0,0 0 2 0 1 2 3 1 3 1 2 
257,4,0,0 0 2 0 1 2 3 1 3 1 2 
258,4,0,0 0 2 0 1 2 3 1 3 1 2 
259,4,0,0 0 2 0 1 2 3 1 3 1 2 
260,4,0,0 0 2 0 1 2 3 1 3 1 2 
261,4,0,0 0 2 0 1 2 3 1 3 1 2 
262,4,0,0 0 2 0 1 2 3 1 3 1 2 
263,4,0,0 0 2 0 1 2 3 1 3 1 2 
264,4,0,0 0 2 0 1 2 3 1 3 1 2 
265,4,0,0 0 2 0 1 2 3 1 3 1 2 
266,4,0,0 0 2 0 1 2 3 1 3 1 2 
267,4,0,0 0 2 0 1 2 3 1 3 1 2 
268,4,0,0 0 2 0 1 2 3 1 3 1 2 
269,4,0,0 0 2 0 1 2 3 1 3 1 2 
270,4,0,0 0 2 0 1 2 3 1 3 1 2 
271,4,0,0 0 2 0 1 2 3 1 3 1 2 
272,4,0,0 0 2 0 1 2 3 1 3 1 2 
273,4,0,0 0 2 0 1 2 3 1 3 1 2 
274,4,0,0 0 2 0 1 2 3 1 3 1 2 
275,4,0,0 0 2 0 1 2 3 1 3 1 2 
276,4,0,0 0 2 0 1 2 3 1 3 1 2 
277,4,0,0 0 2 0 1 2 3 1 3 1 2 
278,4,0,0 0 2 0 1 2 3 1 3 1 2 
279,4,0,0 0 2 0 1 2 3 1 3 1 2 
280,4,0,0 0 2 0 1 2 3 1 3 1 2 
281,4,0,0 0 2 0 1 2 3 1 3 1 2 
282,4,0,0 0 2 0 1 2 3 1 3 1 2 
283,4,0,0 0 2 0 1 2 3 1 3 1 2 
284,4,0,0 0 2 0 1 2 3 1 3 1 2 
285,4,0,0 0 2 0 1 2 3 1 3 1 2 
286,4,0,0 0 2 0 1 2 3 1 3 1 2 
287,4,0,0 0 2 0 1 2 3 1 3 1 2 
288,4,0,0 0 2 0 1 2 3 1 3 1 2 
289,4,0,0 0 2 0 1 2 3 1 3 1 2 
290,4,0,0 0 2 0 1 2 3 1 3 1 2 
291,4,0,0 0 2 0 1 2 3 1 3 1 2 
292,4,0,0 0 2 0 1 2 3 1 3 1 2 
293,4,0,0 0 2 0 1 2 3 1 3 1 2 
294,4,0,0 0 2 0 1 2 3 1 3 1 2 
295,4,0,0 0 2 0 1 2 3 1 3 1 2 
296,4,0,0 0 2 0 1 2 3 1 3 1 2 
297,4,0,0 0 2 0 1 2 3 1 3 1 2 
298,4,0,0 0 2 0 1 2 3 1 3 1 2 
299,4,0,0 0 2 0 1 2 3 1 3 1 2 
300,4,0,0 0 2 0 1 2 3 1 3 1 2 
301,4,0,0 0 2 0 1 2 3 1 3 1 2 
302,4,0,0 0 2 0 1 2 3 1 3 1 2 
303,4,0,0 0 2 0 1 2 3 1 3 1 2 
304,4,0,0 0 2 0 1 2 3 1 3 1 2 
305,4,0,0 0 2 0 1 2 3 1 3 1 2 
306,4,0,0 0 2 0 1 2 3 1 3 1 2 
307,4,0,0 0 2 0 1 2 3 1 3 1 2 
308,4,0,0 0 2 0 1 2 3 1 3 1 2 
309,4,0,0 0 2 0 1 2 3 1 3 1 2 
310,4,0,0 0 2 0 1 2 3 1 3 1 2 
311,4,0,0 0 2 0 1 2 3 1 3 1 2 
312,4,0,0 0 2 0 1 2 3 1 3 1 2 
313,4,0,0 0 2 0 1 2 3 1 3 1 2 
314,4,0,0 0 2 0 1 2 3 1 3 1 2 
315,4,0,0 0 2 0 1 2 3 1 3 1 2 
316,4,0,0 0 2 0 1 2 3 1 3 1 2 
317,4,0,0 0 2 0 1 2 3 1 3 1 2 
318,4,0,0 0 2 0 1 2 3 1 3 1 2 
319,4,0,0 0 2 0 1 2 3 1 3 1 2 
320,4,0,0 0 2 0 1 2 3 1 3 1 2 
321,4,0,0 0 2 0 1 2 3 1 3 1 2 
322,4,0,0 0 2 0 1 2 3 1 3 1 2 
323,4,0,0 0 2 0 1 2 3 1 3 1 2 
324,4,0,0 0 2 0 1 2 3 1 3 1 2 
325,4,0,0 0 2 0 1 2 3 1 3 1 2 
326,4,0,0 0 2 0 1 2 3 1 3 1 2 
327,4,0,0 0 2 0 1 2 3 1 3 1 2 
328,4,0,0 0 2 0 1 2 3 1 3 1 2 
329,4,0,0 0 2 0 1 2 3 1 3 1 2 
330,4,0,0 0 2 0 1 2 3 1 3 1 2 
331,4,0,0 0 2 0 1 2 3 1 3 1 2 
332,4,0,0 0 2 0 1 2 3 1 3 1 2 
333,4,0,0 0 2 0 1 2 3 1 3 1 2 
334,4,0,0 0 2 0 1 2 3 1 3 1 2 
335,4,0,0 0 2 0 1 2 3 1 3 1 2 
336,4,0,0 0 2 0 1 2 3 1 3 1 2 
337,4,0,0 0 2 0 1 2 3 1 3 1 2 
338,4,0,0 0 2 0 1 2 3 1 3 1 2 
339,4,0,0 0 2 0 1 2 3 1 3 1 2 
340,4,0,0 0 2 0 1 2 3 1 3 1 2 
341,4,0,0 0 2 0 1 2 3 1 3 1 2 
342,4,0,0 0 2 0 1 2 3 1 3 1 2 
343,4,0,0 0 2 0 1 2 3 1 3 1 2 
344,4,0,0 0 2 0 1 2 3 1 3 1 2 
345,4,0,0 0 2 0 1 2 3 1 3 1 2 
346,4,0,0 0 2 0 1 2 3 1 3 1 2 
347,4,0,0 0 2 0 1 2 3 1 3 1 2 
348,4,0,0 0 2 0 1 2 3 1 3 1 2 
349,4,0,0 0 2 0 1 2 3 1 3 1 2 
350,4,0,0 0 2 0 1 2 3 1 3 1 2 
351,4,0,0 0 2 0 1 2 3 1 3 1 2 
352,4,0,0 0 2 0 1 2 3 1 3 1 2 
353,4,0,0 0 2 0 1 2 3 1 3 1 2 
354,4,0,0 0 2 0 1 2 3 1 3 1 2 
355,4,0,0 0 2 0 1 2 3 1 3 1 2 
356,4,0,0 0 2 0 1 2 3 1 3 1 2 
357,4,0,0 0 2 0 1 2 3 1 3 1 2 
358,4,0,0 0 2 0 1 2 3 1 3 1 2 
359,4,0,0 0 2 0 1 2 3 1 3 1 2 
360,4,0,0 0 2 0 1 2 3 1 3 1 2 
361,4,0,0 0 2 0 1 2 3 1 3 1 2 
362,4,0,0 0 2 0 1 2 3 1 3 1 2 
363,4,0,0 0 2 0 1 2 3 1 3 1 2 
364,4,0,0 0 2 0 1 2 3 1 3 1 2 
365,4,0,0 0 2 0 1 2 3 1 3 1 2 
366,4,0,0 0 2 0 1 2 3 1 3 1 2 
367,4,0,0 0 2 0 1 2 3 1 3 1 2 
368,4,0,0 0 2 0 1 2 3 1 3 1 2 
369,4,0,0 0 2 0 1 2 3 1 3 1 2 
370,4,0,0 0 2 0 1 2 3 1 3 1 2 
371,4,0,0 0 2 0 1 2 3 1 3 1 2 
372,4,0,0 0 2 0 1 2 3 1 3 1 2 
373,4,0,0 0 2 0 1 2 3 1 3 1 2 
374,4,0,0 0 2 0 1 2 3 1 3 1 2 
375,4,0,0 0 2 0 1 2 3 1 3 1 2 
376,4,0,0 0 2 0 1 2 3 1 3 1 2 
377,4,0,0 0 2 0 1 2 3 1 3 1 2 
378,4,0,0 0 2 0 1 2 3 1 3 1 2 
379,4,0,0 0 2 0 1 2 3 1 3 1 2 
380,4,0,0 0 2 0 1 2 3 1 3 1 2 
381,4,0,0 0 2 0 1 2 3 1 3 1 2 
382,4,0,0 0 2 0 1 2 3 1 3 1 2 
383,4,0,0 0 2 0 1 2 3 1 3 1 2 
384,4,0,0 0 2 0 1 2 3 1 3 1 2 
385,4,0,0 0 2 0 1 2 3 1 3 1 2 
386,4,0,0 0 2 0 1 2 3 1 3 1 2 
387,4,0,0 0 2 0 1 2 3 1 3 1 2 
388,4,0,0 0 2 0 1 2 3 1 3 1 2 
389,4,0,0 0 2 0 1 2 3 1 3 1 2 
390,4,0,0 0 2 0 1 2 3 1 3 1 2 
391,4,0,0 0 2 0 1 2 3 1 3 1 2 
392,4,0,0 0 2 0 1 2 3 1 3 1 2 
393,4,0,0 0 2 0 1 2 3 1 3 1 2 
394,4,0,0 0 2 0 1 2 3 1 3 1 2 
395,4,0,0 0 2 0 1 2 3 1 3 1 2 
396,4,0,0 0 2 0 1 2 3 1 3 1 2 
397,4,0,0 0 2 0 1 2 3 1 3 1 2 
398,4,0,0 0 2 0 1 2 3 1 3 1 2 
399,4,0,0 0 2 0 1 2 3 1 3 1 2 
400,4,0,0 0 2 0 1 2 3 1 3 1 2 
401,4,0,0 0 2 0 1 2 3 1 3 1 2 
402,4,0,0 0 2 0 1 2 3 1 3 1 2 
403,4,0,0 0 2 0 1 2 3 1 3 1 2 
404,4,0,0 0 2 0 1 2 3 1 3 1 2 
405,4,0,0 0 2 0 1 2 3 1 3 1 2 
406,4,0,0 0 2 0 1 2 3 1 3 1 2 
407,4,0,0 0 2 0 1 2 3 1 3 1 2 
408,4,0,0 0 2 0 1 2 3 1 3 1 2 
409,4,0,0 0 2 0 1 2 3 1 3 1 2 
410,4,0,0 0 2 0 1 2 3 1 3 1 2 
411,4,0,0 0 2 0 1 2 3 1 3 1 2 
412,4,0,0 0 2 0 1 2 3 1 3 1 2 
413,4,0,0 0 2 0 1 2 3 1 3 1 2 
414,4,0,0 0 2 0 1 2 3 1 3 1 2 
415,4,0,0 0 2 0 1 2 3 1 3 1 2 
416,4,0,0 0 2 0 1 2 3 1 3 1 2 
417,4,0,0 0 2 0 1 2 3 1 3 1 2 
418,4,0,0 0 2 0 1 2 3 1 3 1 2 
419,4,0,0 0 2 0 1 2 3 1 3 1 2 
420,4,0,0 0 2 0 1 2 3 1 3 1 2 
421,4,0,0 0 2 0 1 2 3 1 3 1 2 
422,4,0,0 0 2 0 1 2 3 1 3 1 2 
423,4,0,0 0 2 0 1 2 3 1 3 1 2 
424,4,0,0 0 2 0 1 2 3 1 3 1 2 
425,4,0,0 0 2 0 1 2 3 1 3 1 2 
426,4,0,0 0 2 0 1 2 3 1 3 1 2 
427,4,0,0 0 2 0 1 2 3 1 3 1 2 
428,4,0,0 0 2 0 1 2 3 1 3 1 2 
429,4,0,0 0 2 0 1 2 3 1 3 1 2 
430,4,0,0 0 2 0 1 2 3 1 3 1 2 
431,4,0,0 0 2 0 1 2 3 1 3 1 2 
432,4,0,0 0 2 0 1 2 3 1 3 1 2 
433,4,0,0 0 2 0 1 2 3 1 3 1 2 
434,4,0,0 0 2 0 1 2 3 1 3 1 2 
435,4,0,0 0 2 0 1 2 3 1 3 1 2 
436,4,0,0 0 2 0 1 2 3 1 3 1 2 
437,4,0,0 0 2 0 1 2 3 1 3 1 2 
438,4,0,0 0 2 0 1 2 3 1 3 1 2 
439,4,0,0 0 2 0 1 2 3 1 3 1 2 
440,4,0,0 0 2 0 1 2 3 1 3 1 2 
441,4,0,0 0 2 0 1 2 3 1 3 1 2 
442,4,0,0 0 2 0 1 2 3 1 3 1 2 
443,4,0,0 0 2 0 1 2 3 1 3 1 2 
444,4,0,0 0 2 0 1 2 3 1 3 1 2 
445,4,0,0 0 2 0 1 2 3 1 3 1 2 
446,4,0,0 0 2 0 1 2 3 1 3 1 2 
447,4,0,0 0 2 0 1 2 3 1 3 1 2 
448,4,0,0 0 2 0 1 2 3 1 3 1 2 
449,4,0,0 0 2 0 1 2 3 1 3 1 2 
450,4,0,0 0 2 0 1 2 3 1 3 1 2 
451,4,0,0 0 2 0 1 2 3 1 3 1 2 
452,4,0,0 0 2 0 1 2 3 1 3 1 2 
453,4,0,0 0 2 0 1 2 3 1 3 1 2 
454,4,0,0 0 2 0 1 2 3 1 3 1 2 
455,4,0,0 0 2 0 1 2 3 1 3 1 2 
456,4,0,0 0 2 0 1 2 3 1 3 1 2 
457,4,0,0 0 2 0 1 2 3 1 3 1 2 
458,4,0,0 0 2 0 1 2 3 1 3 1 2 
459,4,0,0 0 2 0 1 2 3 1 3 1 2 
460,4,0,0 0 2 0 1 2 3 1 3 1 2 
461,4,0,0 0 2 0 1 2 3 1 3 1 2 
462,4,0,0 0 2 0 1 2 3 1 3 1 2 
463,4,0,0 0 2 0 1 2 3 1 3 1 2 
464,4,0,0 0 2 0 1 2 3 1 3 1 2 
465,4,0,0 0 2 0 1 2 3 1 3 1 2 
466,4,0,0 0 2 0 1 2 3 1 3 1 2 
467,4,0,0 0 2 0 1 2 3 1 3 1 2 
468,4,0,0 0 2 0 1 2 3 1 3 1 2 
469,4,0,0 0 2 0 1 2 3 1 3 1 2 
470,4,0,0 0 2 0 1 2 3 1 3 1 2 
471,4,0,0 0 2 0 1 2 3 1 3 1 2 
472,4,0,0 0 2 0 1 2 3 1 3 1 2 
473,4,0,0 0 2 0 1 2 3 1 3 1 2 
474,4,0,0 0 2 0 1 2 3 1 3 1 2 
475,4,0,0 0 2 0 1 2 3 1 3 1 2 
476,4,0,0 0 2 0 1 2 3 1 3 1 2 
477,4,0,0 0 2 0 1 2 3 1 3 1 2 
478,4,0,0 0 2 0 1 2 3 1 3 1 2 
479,4,0,0 0 2 0 1 2 3 1 3 1 2 
480,4,0,0 0 2 0 1 2 3 1 3 1 2 
481,4,0,0 0 2 0 1 2 3 1 3 1 2 
482,4,0,0 0 2 0 1 2 3 1 3 1 2 
483,4,0,0 0 2 0 1 2 3 1 3 1 2 
484,4,0,0 0 2 0 1 2 3 1 3 1 2 
485,4,0,0 0 2 0 1 2 3 1 3 1 2 
486,4,0,0 0 2 0 1 2 3 1 3 1 2 
487,4,0,0 0 2 0 1 2 3 1 3 1 2 
488,4,0,0 0 2 0 1 2 3 1 3 1 2 
489,4,0,0 0 2 0 1 2 3 1 3 1 2 
490,4,0,0 0 2 0 1 2 3 1 3 1 2 
491,4,0,0 0 2 0 1 2 3 1 3 1 2 
492,4,0,0 0 2 0 1 2 3 1 3 1 2 
493,4,0,0 0 2 0 1 2 3 1 3 1 2 
494,4,0,0 0 2 0 1 2 3 1 3 1 2 
495,4,0,0 0 2 0 1 2 3 1 3 1 2 
496,4,0,0 0 2 0 1 2 3 1 3 1 2 
497,4,0,0 0 2 0 1 2 3 1 3 1 2 
498,4,0,0 0 2 0 1 2 3 1 3 1 2 
499,4,0,0 0 2 0 1 2 3 1 3 1 2 
500,4,0,0 0 2 0 1 2 3 1 3 1 2 
501,4,0,0 0 2 0 1 2 3 1 3 1 2 
502,4,0,0 0 2 0 1 2 3 1 3 1 2 
503,4,0,0 0 2 0 1 2 3 1 3 1 2 
504,4,0,0 0 2 0 1 2 3 1 3 1 2 
505,4,0,0 0 2 0 1 2 3 1 3 1 2 
506,4,0,0 0 2 0 1 2 3 1 3 1 2 
507,4,0,0 0 2 0 1 2 3 1 3 1 2 
508,4,0,0 0 2 0 1 2 3 1 3 1 2 
509,4,0,0 0 2 0 1 2 3 1 3 1 2 
510,4,0,0 0 2 0 1 2 3 1 3 1 2 
511,4,0,0 0 2 0 1 2 3 1 3 1 2 
512,4,0,0 0 2 0 1 2 3 1 3 1 2 
513,4,0,0 0 2 0 1 2 3 1 3 1 2 
514,4,0,0 0 2 0 1 2 3 1 3 1 2 
515,4,0,0 0 2 0 1 2 3 1 3 1 2 
516,4,0,0 0 2 0 1 2 3 1 3 1 2 
517,4,0,0 0 2 0 1 2 3 1 3 1 2 
518,4,0,0 0 2 0 1 2 3 1 3 1 2 
519,4,0,0 0 2 0 1 2 3 1 3 1 2 
520,4,0,0 0 2 0 1 2 3 1 3 1 2 
521,4,0,0 0 2 0 1 2 3 1 3 1 2 
522,4,0,0 0 2 0 1 2 3 1 3 1 2 
523,4,0,0 0 2 0 1 2 3 1 3 1 2 
524,4,0,0 0 2 0 1 2 3 1 3 1 2 
525,4,0,0 0 2 0 1 2 3 1 3 1 2 
526,4,0,0 0 2 0 1 2 3 1 3 1 2 
527,4,0,0 0 2 0 1 2 3 1 3 1 2 
528,4,0,0 0 2 0 1 2 3 1 3 1 2 
529,4,0,0 0 2 0 1 2 3 1 3 1 2 
530,4,0,0 0 2 0 1 2 3 1 3 1 2 
531,4,0,0 0 2 0 1 2 3 1 3 1 2 
532,4,0,0 0 2 0 1 2 3 1 3 1 2 
533,4,0,0 0 2 0 1 2 3 1 3 1 2 
534,4,0,0 0 2 0 1 2 3 1 3 1 2 
535,4,0,0 0 2 0 1 2 3 1 3 1 2 
536,4,0,0 0 2 0 1 2 3 1 3 1 2 
537,4,0,0 0 2 0 1 2 3 1 3 1 2 
538,4,0,0 0 2 0 1 2 3 1 3 1 2 
539,4,0,0 0 2 0 1 2 3 1 3 1 2 
540,4,0,0 0 2 0 1 2 3 1 3 1 2 
541,4,0,0 0 2 0 1 2 3 1 3 1 2 
542,4,0,0 0 2 0 1 2 3 1 3 1 2 
543,4,0,0 0 2 0 1 2 3 1 3 1 2 
544,4,0,0 0 2 0 1 2 3 1 3 1 2 
545,4,0,0 0 2 0 1 2 3 1 3 1 2 
546,4,0,0 0 2 0 1 2 3 1 3 1 2 
547,4,0,0 0 2 0 1 2 3 1 3 1 2 
548,4,0,0 0 2 0 1 2 3 1 3 1 2 
549,4,0,0 0 2 0 1 2 3 1 3 1 2 
550,4,0,0 0 2 0 1 2 3 1 3 1 2 
551,4,0,0 0 2 0 1 2 3 1 3 1 2 
552,4,0,0 0 2 0 1 2 3 1 3 1 2 
553,4,0,0 0 2 0 1 2 3 1 3 1 2 
554,4,0,0 0 2 0 1 2 3 1 3 1 2 
555,4,0,0 0 2 0 1 2 3 1 3 1 2 
556,4,0,0 0 2 0 1 2 3 1 3 1 2 
557,4,0,0 0 2 0 1 2 3 1 3 1 2 
558,4,0,0 0 2 0 1 2 3 1 3 1 2 
559,4,0,0 0 2 0 1 2 3 1 3 1 2 
560,4,0,0 0 2 0 1 2 3 1 3 1 2 
561,4,0,0 0 2 0 1 2 3 1 3 1 2 
562,4,0,0 0 2 0 1 2 3 1 3 1 2 
563,4,0,0 0 2 0 1 2 3 1 3 1 2 
564,4,0,0 0 2 0 1 2 3 1 3 1 2 
565,4,0,0 0 2 0 1 2 3 1 3 1 2 
566,4,0,0 0 2 0 1 2 3 1 3 1 2 
567,4,0,0 0 2 0 1 2 3 1 3 1 2 
568,4,0,0 0 2 0 1 2 3 1 3 1 2 
569,4,0,0 0 2 0 1 2 3 1 3 1 2 
570,4,0,0 0 2 0 1 2 3 1 3 1 2 
571,4,0,0 0 2 0 1 2 3 1 3 1 2 
572,4,0,0 0 2 0 1 2 3 1 3 1 2 
573,4,0,0 0 2 0 1 2 3 1 3 1 2 
574,4,0,0 0 2 0 1 2 3 1 3 1 2 
575,4,0,0 0 2 0 1 2 3 1 3 1 2 
576,4,0,0 0 2 0 1 2 3 1 3 1 2 
577,4,0,0 0 2 0 1 2 3 1 3 1 2 
578,4,0,0 0 2 0 1 2 3 1 3 1 2 
579,4,0,0 0 2 0 1 2 3 1 3 1 2 
580,4,0,0 0 2 0 1 2 3 1 3 1 2 
581,4,0,0 0 2 0 1 2 3 1 3 1 2 
582,4,0,0 0 2 0 1 2 3 1 3 1 2 
583,4,0,0 0 2 0 1 2 3 1 3 1 2 
584,4,0,0 0 2 0 1 2 3 1 3 1 2 
585,4,0,0 0 2 0 1 2 3 1 3 1 2 
586,4,0,0 0 2 0 1 2 3 1 3 1 2 
587,4,0,0 0 2 0 1 2 3 1 3 1 2 
588,4,0,0 0 2 0 1 2 3 1 3 1 2 
589,4,0,0 0 2 0 1 2 3 1 3 1 2 
590,4,0,0 0 2 0 1 2 3 1 3 1 2 
591,4,0,0 0 2 0 1 2 3 1 3 1 2 
592,4,0,0 0 2 0 1 2 3 1 3 1 2 
593,4,0,0 0 2 0 1 2 3 1 3 1 2 
594,4,0,0 0 2 0 1 2 3 1 3 1 2 
595,4,0,0 0 2 0 1 2 3 1 3 1 2 
596,4,0,0 0 2 0 1 2 3 1 3 1 2 
597,4,0,0 0 2 0 1 2 3 1 3 1 2 
598,4,0,0 0 2 0 1 2 3 1 3 1 2 
599,4,0,0 0 2 0 1 2 3 1 3 1 2 
600,4,0,0 0 2 0 1 2 3 1 3 1 2 
601,4,0,0 0 2 0 1 2 3 1 3 1 2 
602,4,0,0 0 2 0 1 2 3 1 3 1 2 
603,4,0,0 0 2 0 1 2 3 1 3 1 2 
604,4,0,0 0 2 0 1 2 3 1 3 1 2 
605,4,0,0 0 2 0 1 2 3 1 3 1 2 
606,4,0,0 0 2 0 1 2 3 1 3 1 2 
607,4,0,0 0 2 0 1 2 3 1 3 1 2 
608,4,0,0 0 2 0 1 2 3 1 3 1 2 
609,4,0,0 0 2 0 1 2 3 1 3 1 2 
610,4,0,0 0 2 0 1 2 3 1 3 1 2 
611,4,0,0 0 2 0 1 2 3 1 3 1 2 
612,4,0,0 0 2 0 1 2 3 1 3 1 2 
613,4,0,0 0 2 0 1 2 3 1 3 1 2 
614,4,0,0 0 2 0 1 2 3 1 3 1 2 
615,4,0,0 0 2 0 1 2 3 1 3 1 2 
616,4,0,0 0 2 0 1 2 3 1 3 1 2 
617,4,0,0 0 2 0 1 2 3 1 3 1 2 
618,4,0,0 0 2 0 1 2 3 1 3 1 2 
619,4,0,0 0 2 0 1 2 3 1 3 1 2 
620,4,0,0 0 2 0 1 2 3 1 3 1 2 
621,4,0,0 0 2 0 1 2 3 1 3 1 2 
622,4,0,0 0 2 0 1 2 3 1 3 1 2 
623,4,0,0 0 2 0 1 2 3 1 3 1 2 
624,4,0,0 0 2 0 1 2 3 1 3 1 2 
625,4,0,0 0 2 0 1 2 3 1 3 1 2 
626,4,0,0 0 2 0 1 2 3 1 3 1 2 
627,4,0,0 0 2 0 1 2 3 1 3 1 2 
628,4,0,0 0 2 0 1 2 3 1 3 1 2 
629,4,0,0 0 2 0 1 2 3 1 3 1 2 
630,4,0,0 0 2 0 1 2 3 1 3 1 2 
631,4,0,0 0 2 0 1 2 3 1 3 1 2 
632,4,0,0 0 2 0 1 2 3 1 3 1 2 
633,4,0,0 0 2 0 1 2 3 1 3 1 2 
634,4,0,0 0 2 0 1 2 3 1 3 1 2 
635,4,0,0 0 2 0 1 2 3 1 3 1 2 
636,4,0,0 0 2 0 1 2 3 1 3 1 2 
637,4,0,0 0 2 0 1 2 3 1 3 1 2 
638,4,0,0 0 2 0 1 2 3 1 3 1 2 
639,4,0,0 0 2 0 1 2 3 1 3 1 2 
640,4,0,0 0 2 0 1 2 3 1 3 1 2 
641,4,0,0 0 2 0 1 2 3 1 3 1 2 
642,4,0,0 0 2 0 1 2 3 1 3 1 2 
643,4,0,0 0 2 0 1 2 3 1 3 1 2 
644,4,0,0 0 2 0 1 2 3 1 3 1 2 
645,4,0,0 0 2 0 1 2 3 1 3 1 2 
646,4,0,0 0 2 0 1 2 3 1 3 1 2 
647,4,0,0 0 2 0 1 2 3 1 3 1 2 
648,4,0,0 0 2 0 1 2 3 1 3 1 2 
649,4,0,0 0 2 0 1 2 3 1 3 1 2 
650,4,0,0 0 2 0 1 2 3 1 3 1 2 
651,4,0,0 0 2 0 1 2 3 1 3 1 2 
652,4,0,0 0 2 0 1 2 3 1 3 1 2 
653,4,0,0 0 2 0 1 2 3 1 3 1 2 
654,4,0,0 0 2 0 1 2 3 1 3 1 2 
655,4,0,0 0 2 0 1 2 3 1 3 1 2 
656,4,0,0 0 2 0 1 2 3 1 3 1 2 
657,4,0,0 0 2 0 1 2 3 1 3 1 2 
658,4,0,0 0 2 0 1 2 3 1 3 1 2 
659,4,0,0 0 2 0 1 2 3 1 3 1 2 
660,4,0,0 0 2 0 1 2 3 1 3 1 2 
661,4,0,0 0 2 0 1 2 3 1 3 1 2 
662,4,0,0 0 2 0 1 2 3 1 3 1 2 
663,4,0,0 0 2 0 1 2 3 1 3 1 2 
664,4,0,0 0 2 0 1 2 3 1 3 1 2 
665,4,0,0 0 2 0 1 2 3 1 3 1 2 
666,4,0,0 0 2 0 1 2 3 1 3 1 2 
667,4,0,0 0 2 0 1 2 3 1 3 1 2 
668,4,0,0 0 2 0 1 2 3 1 3 1 2 
669,4,0,0 0 2 0 1 2 3 1 3 1 2 
670,4,0,0 0 2 0 1 2 3 1 3 1 2 
671,4,0,0 0 2 0 1 2 3 1 3 1 2 
672,4,0,0 0 2 0 1 2 3 1 3 1 2 
673,4,0,0 0 2 0 1 2 3 1 3 1 2 
674,4,0,0 0 2 0 1 2 3 1 3 1 2 
675,4,0,0 0 2 0 1 2 3 1 3 1 2 
676,4,0,0 0 2 0 1 2 3 1 3 1 2 
677,4,0,0 0 2 0 1 2 3 1 3 1 2 
678,4,0,0 0 2 0 1 2 3 1 3 1 2 
679,4,0,0 0 2 0 1 2 3 1 3 1 2 
680,4,0,0 0 2 0 1 2 3 1 3 1 2 
681,4,0,0 0 2 0 1 2 3 1 3 1 2 
682,4,0,0 0 2 0 1 2 3 1 3 1 2 
683,4,0,0 0 2 0 1 2 3 1 3 1 2 
684,4,0,0 0 2 0 1 2 3 1 3 1 2 
685,4,0,0 0 2 0 1 2 3 1 3 1 2 
686,4,0,0 0 2 0 1 2 3 1 3 1 2 
687,4,0,0 0 2 0 1 2 3 1 3 1 2 
688,4,0,0 0 2 0 1 2 3 1 3 1 2 
689,4,0,0 0 2 0 1 2 3 1 3 1 2 
690,4,0,0 0 2 0 1 2 3 1 3 1 2 
691,4,0,0 0 2 0 1 2 3 1 3 1 2 
692,4,0,0 0 2 0 1 2 3 1 3 1 2 
693,4,0,0 0 2 0 1 2 3 1 3 1 2 
694,4,0,0 0 2 0 1 2 3 1 3 1 2 
695,4,0,0 0 2 0 1 2 3 1 3 1 2 
696,4,0,0 0 2 0 1 2 3 1 3 1 2 
697,4,0,0 0 2 0 1 2 3 1 3 1 2 
698,4,0,0 0 2 0 1 2 3 1 3 1 2 
699,4,0,0 0 2 0 1 2 3 1 3 1 2 
700,4,0,0 0 2 0 1 2 3 1 3 1 2 
701,4,0,0 0 2 0 1 2 3 1 3 1 2 
702,4,0,0 0 2 0 1 2 3 1 3 1 2 
703,4,0,0 0 2 0 1 2 3 1 3 1 2 
704,4,0,0 0 2 0 1 2 3 1 3 1 2 
705,4,0,0 0 2 0 1 2 3 1 3 1 2 
706,4,0,0 0 2 0 1 2 3 1 3 1 2 
707,4,0,0 0 2 0 1 2 3 1 3 1 2 
708,4,0,0 0 2 0 1 2 3 1 3 1 2 
709,4,0,0 0 2 0 1 2 3 1 3 1 2 
710,4,0,0 0 2 0 1 2 3 1 3 1 2 
711,4,0,0 0 2 0 1 2 3 1 3 1 2 
712,4,0,0 0 2 0 1 2 3 1 3 1 2 
713,4,0,0 0 2 0 1 2 3 1 3 1 2 
714,4,0,0 0 2 0 1 2 3 1 3 1 2 
715,4,0,0 0 2 0 1 2 3 1 3 1 2 
716,4,0,0 0 2 0 1 2 3 1 3 1 2 
717,4,0,0 0 2 0 1 2 3 1 3 1 2 
718,4,0,0 0 2 0 1 2 3 1 3 1 2 
719,4,0,0 0 2 0 1 2 3 1 3 1 2 
720,4,0,0 0 2 0 1 2 3 1 3 1 2 
721,4,0,0 0 2 0 1 2 3 1 3 1 2 
722,4,0,0 0 2 0 1 2 3 1 3 1 2 
723,4,0,0 0 2 0 1 2 3 1 3 1 2 
724,4,0,0 0 2 0 1 2 3 1 3 1 2 
725,4,0,0 0 2 0 1 2 3 1 3 1 2 
726,4,0,0 0 2 0 1 2 3 1 3 1 2 
727,4,0,0 0 2 0 1 2 3 1 3 1 2 
728,4,0,0 0 2 0 1 2 3 1 3 1 2 
729,4,0,0 0 2 0 1 2 3 1 3 1 2 
730,4,0,0 0 2 0 1 2 3 1 3 1 2 
731,4,0,0 0 2 0 1 2 3 1 3 1 2 
732,4,0,0 0 2 0 1 2 3 1 3 1 2 
733,4,0,0 0 2 0 1 2 3 1 3 1 2 
734,4,0,0 0 2 0 1 2 3 1 3 1 2 
735,4,0,0 0 2 0 1 2 3 1 3 1 2 
736,4,0,0 0 2 0 1 2 3 1 3 1 2 
737,4,0,0 0 2 0 1 2 3 1 3 1 2 
738,4,0,0 0 2 0 1 2 3 1 3 1 2 
739,4,0,0 0 2 0 1 2 3 1 3 1 2 
740,4,0,0 0 2 0 1 2 3 1 3 1 2 
741,4,0,0 0 2 0 1 2 3 1 3 1 2 
742,4,0,0 0 2 0 1 2 3 1 3 1 2 
743,4,0,0 0 2 0 1 2 3 1 3 1 2 
744,4,0,0 0 2 0 1 2 3 1 3 1 2 
745,4,0,0 0 2 0 1 2 3 1 3 1 2 
746,4,0,0 0 2 0 1 2 3 1 3 1 2 
747,4,0,0 0 2 0 1 2 3 1 3 1 2 
748,4,0,0 0 2 0 1 2 3 1 3 1 2 
749,4,0,0 0 2 0 1 2 3 1 3 1 2 
750,4,0,0 0 2 0 1 2 3 1 3 1 2 
751,4,0,0 0 2 0 1 2 3 1 3 1 2 
752,4,0,0 0 2 0 1 2 3 1 3 1 2 
753,4,0,0 0 2 0 1 2 3 1 3 1 2 
754,4,0,0 0 2 0 1 2 3 1 3 1 2 
755,4,0,0 0 2 0 1 2 3 1 3 1 2 
756,4,0,0 0 2 0 1 2 3 1 3 1 2 
757,4,0,0 0 2 0 1 2 3 1 3 1 2 
758,4,0,0 0 2 0 1 2 3 1 3 1 2 
759,4,0,0 0 2 0 1 2 3 1 3 1 2 
760,4,0,0 0 2 0 1 2 3 1 3 1 2 
761,4,0,0 0 2 0 1 2 3 1 3 1 2 
762,4,0,0 0 2 0 1 2 3 1 3 1 2 
763,4,0,0 0 2 0 1 2 3 1 3 1 2 
764,4,0,0 0 2 0 1 2 3 1 3 1 2 
765,4,0,0 0 2 0 1 2 3 1 3 1 2 
766,4,0,0 0 2 0 1 2 3 1 3 1 2 
767,4,0,0 0 2 0 1 2 3 1 3 1 2 
768,4,0,0 0 2 0 1 2 3 1 3 1 2 
769,4,0,0 0 2 0 1 2 3 1 3 1 2 
770,4,0,0 0 2 0 1 2 3 1 3 1 2 
771,4,0,0 0 2 0 1 2 3 1 3 1 2 
772,4,0,0 0 2 0 1 2 3 1 3 1 2 
773,4,0,0 0 2 0 1 2 3 1 3 1 2 
774,4,0,0 0 2 0 1 2 3 1 3 1 2 
775,4,0,0 0 2 0 1 2 3 1 3 1 2 
776,4,0,0 0 2 0 1 2 3 1 3 1 2 
777,4,0,0 0 2 0 1 2 3 1 3 1 2 
778,4,0,0 0 2 0 1 2 3 1 3 1 2 
779,4,0,0 0 2 0 1 2 3 1 3 1 2 
780,4,0,0 0 2 0 1 2 3 1 3 1 2 
781,4,0,0 0 2 0 1 2 3 1 3 1 2 
782,4,0,0 0 2 0 1 2 3 1 3 1 2 
783,4,0,0 0 2 0 1 2 3 1 3 1 2 
784,4,0,0 0 2 0 1 2 3 1 3 1 2 
785,4,0,0 0 2 0 1 2 3 1 3 1 2 
786,4,0,0 0 2 0 1 2 3 1 3 1 2 
787,4,0,0 0 2 0 1 2 3 1 3 1 2 
788,4,0,0 0 2 0 1 2 3 1 3 1 2 
789,4,0,0 0 2 0 1 2 3 1 3 1 2 
790,4,0,0 0 2 0 1 2 3 1 3 1 2 
791,4,0,0 0 2 0 1 2 3 1 3 1 2 
792,4,0,0 0 2 0 1 2 3 1 3 1 2 
793,4,0,0 0 2 0 1 2 3 1 3 1 2 
794,4,0,0 0 2 0 1 2 3 1 3 1 2 
795,4,0,0 0 2 0 1 2 3 1 3 1 2 
796,4,0,0 0 2 0 1 2 3 1 3 1 2 
797,4,0,0 0 2 0 1 2 3 1 3 1 2 
798,4,0,0 0 2 0 1 2 3 1 3 1 2 
799,4,0,0 0 2 0 1 2 3 1 3 1 2 
800,4,0,0 0 2 0 1 2 3 1 3 1 2 
801,4,0,0 0 2 0 1 2 3 1 3 1 2 
802,4,0,0 0 2 0 1 2 3 1 3 1 2 
803,4,0,0 0 2 0 1 2 3 1 3 1 2 
804,4,0,0 0 2 0 1 2 3 1 3 1 2 
805,4,0,0 0 2 0 1 2 3 1 3 1 2 
806,4,0,0 0 2 0 1 2 3 1 3 1 2 
807,4,0,0 0 2 0 1 2 3 1 3 1 2 
808,4,0,0 0 2 0 1 2 3 1 3 1 2 
809,4,0,0 0 2 0 1 2 3 1 3 1 2 
810,4,0,0 0 2 0 1 2 3 1 3 1 2 
811,4,0,0 0 2 0 1 2 3 1 3 1 2 
812,4,0,0 0 2 0 1 2 3 1 3 1 2 
813,4,0,0 0 2 0 1 2 3 1 3 1 2 
814,4,0,0 0 2 0 1 2 3 1 3 1 2 
815,4,0,0 0 2 0 1 2 3 1 3 1 2 
816,4,0,0 0 2 0 1 2 3 1 3 1 2 
817,4,0,0 0 2 0 1 2 3 1 3 1 2 
818,4,0,0 0 2 0 1 2 3 1 3 1 2 
819,4,0,0 0 2 0 1 2 3 1 3 1 2 
820,4,0,0 0 2 0 1 2 3 1 3 1 2 
821,4,0,0 0 2 0 1 2 3 1 3 1 2 
822,4,0,0 0 2 0 1 2 3 1 3 1 2 
823,4,0,0 0 2 0 1 2 3 1 3 1 2 
824,4,0,0 0 2 0 1 2 3 1 3 1 2 
825,4,0,0 0 2 0 1 2 3 1 3 1 2 
826,4,0,0 0 2 0 1 2 3 1 3 1 2 
827,4,0,0 0 2 0 1 2 3 1 3 1 2 
828,4,0,0 0 2 0 1 2 3 1 3 1 2 
829,4,0,0 0 2 0 1 2 3 1 3 1 2 
830,4,0,0 0 2 0 1 2 3 1 3 1 2 
831,4,0,0 0 2 0 1 2 3 1 3 1 2 
832,4,0,0 0 2 0 1 2 3 1 3 1 2 
833,4,0,0 0 2 0 1 2 3 1 3 1 2 
834,4,0,0 0 2 0 1 2 3 1 3 1 2 
835,4,0,0 0 2 0 1 2 3 1 3 1 2 
836,4,0,0 0 2 0 1 2 3 1 3 1 2 
837,4,0,0 0 2 0 1 2 3 1 3 1 2 
838,4,0,0 0 2 0 1 2 3 1 3 1 2 
839,4,0,0 0 2 0 1 2 3 1 3 1 2 
840,4,0,0 0 2 0 1 2 3 1 3 1 2 
841,4,0,0 0 2 0 1 2 3 1 3 1 2 
842,4,0,0 0 2 0 1 2 3 1 3 1 2 
843,4,0,0 0 2 0 1 2 3 1 3 1 2 
844,4,0,0 0 2 0 1 2 3 1 3 1 2 
845,4,0,0 0 2 0 1 2 3 1 3 1 2 
846,4,0,0 0 2 0 1 2 3 1 3 1 2 
847,4,0,0 0 2 0 1 2 3 1 3 1 2 
848,4,0,0 0 2 0 1 2 3 1 3 1 2 
849,4,0,0 0 2 0 1 2 3 1 3 1 2 
850,4,0,0 0 2 0 1 2 3 1 3 1 2 
851,4,0,0 0 2 0 1 2 3 1 3 1 2 
852,4,0,0 0 2 0 1 2 3 1 3 1 2 
853,4,0,0 0 2 0 1 2 3 1 3 1 2 
854,4,0,0 0 2 0 1 2 3 1 3 1 2 
855,4,0,0 0 2 0 1 2 3 1 3 1 2 
856,4,0,0 0 2 0 1 2 3 1 3 1 2 
857,4,0,0 0 2 0 1 2 3 1 3 1 2 
858,4,0,0 0 2 0 1 2 3 1 3 1 2 
859,4,0,0 0 2 0 1 2 3 1 3 1 2 
860,4,0,0 0 2 0 1 2 3 1 3 1 2 
861,4,0,0 0 2 0 1 2 3 1 3 1 2 
862,4,0,0 0 2 0 1 2 3 1 3 1 2 
863,4,0,0 0 2 0 1 2 3 1 3 1 2 
864,4,0,0 0 2 0 1 2 3 1 3 1 2 
865,4,0,0 0 2 0 1 2 3 1 3 1 2 
866,4,0,0 0 2 0 1 2 3 1 3 1 2 
867,4,0,0 0 2 0 1 2 3 1 3 1 2 
868,4,0,0 0 2 0 1 2 3 1 3 1 2 
869,4,0,0 0 2 0 1 2 3 1 3 1 2 
870,4,0,0 0 2 0 1 2 3 1 3 1 2 
871,4,0,0 0 2 0 1 2 3 1 3 1 2 
872,4,0,0 0 2 0 1 2 3 1 3 1 2 
873,4,0,0 0 2 0 1 2 3 1 3 1 2 
874,4,0,0 0 2 0 1 2 3 1 3 1 2 
875,4,0,0 0 2 0 1 2 3 1 3 1 2 
876,4,0,0 0 2 0 1 2 3 1 3 1 2 
877,4,0,0 0 2 0 1 2 3 1 3 1 2 
878,4,0,0 0 2 0 1 2 3 1 3 1 2 
879,4,0,0 0 2 0 1 2 3 1 3 1 2 
880,4,0,0 0 2 0 1 2 3 1 3 1 2 
881,4,0,0 0 2 0 1 2 3 1 3 1 2 
882,4,0,0 0 2 0 1 2 3 1 3 1 2 
883,4,0,0 0 2 0 1 2 3 1 3 1 2 
884,4,0,0 0 2 0 1 2 3 1 3 1 2 
885,4,0,0 0 2 0 1 2 3 1 3 1 2 
886,4,0,0 0 2 0 1 2 3 1 3 1 2 
887,4,0,0 0 2 0 1 2 3 1 3 1 2 
888,4,0,0 0 2 0 1 2 3 1 3 1 2 
889,4,0,0 0 2 0 1 2 3 1 3 1 2 
890,4,0,0 0 2 0 1 2 3 1 3 1 2 
891,4,0,0 0 2 0 1 2 3 1 3 1 2 
892,4,0,0 0 2 0 1 2 3 1 3 1 2 
893,4,0,0 0 2 0 1 2 3 1 3 1 2 
894,4,0,0 0 2 0 1 2 3 1 3 1 2 
895,4,0,0 0 2 0 1 2 3 1 3 1 2 
896,4,0,0 0 2 0 1 2 3 1 3 1 2 
897,4,0,0 0 2 0 1 2 3 1 3 1 2 
898,4,0,0 0 2 0 1 2 3 1 3 1 2 
899,4,0,0 0 2 0 1 2 3 1 3 1 2 
900,4,0,0 0 2 0 1 2 3 1 3 1 2 
901,4,0,0 0 2 0 1 2 3 1 3 1 2 
902,4,0,0 0 2 0 1 2 3 1 3 1 2 
903,4,0,0 0 2 0 1 2 3 1 3 1 2 
904,4,0,0 0 2 0 1 2 3 1 3 1 2 
905,4,0,0 0 2 0 1 2 3 1 3 1 2 
906,4,0,0 0 2 0 1 2 3 1 3 1 2 
907,4,0,0 0 2 0 1 2 3 1 3 1 2 
908,4,0,0 0 2 0 1 2 3 1 3 1 2 
909,4,0,0 0 2 0 1 2 3 1 3 1 2 
910,4,0,0 0 2 0 1 2 3 1 3 1 2 
911,4,0,0 0 2 0 1 2 3 1 3 1 2 
912,4,0,0 0 2 0 1 2 3 1 3 1 2 
913,4,0,0 0 2 0 1 2 3 1 3 1 2 
914,4,0,0 0 2 0 1 2 3 1 3 1 2 
915,4,0,0 0 2 0 1 2 3 1 3 1 2 
916,4,0,0 0 2 0 1 2 3 1 3 1 2 
917,4,0,0 0 2 0 1 2 3 1 3 1 2 
918,4,0,0 0 2 0 1 2 3 1 3 1 2 
919,4,0,0 0 2 0 1 2 3 1 3 1 2 
920,4,0,0 0 2 0 1 2 3 1 3 1 2 
921,4,0,0 0 2 0 1 2 3 1 3 1 2 
922,4,0,0 0 2 0 1 2 3 1 3 1 2 
923,4,0,0 0 2 0 1 2 3 1 3 1 2 
924,4,0,0 0 2 0 1 2 3 1 3 1 2 
925,4,0,0 0 2 0 1 2 3 1 3 1 2 
926,4,0,0 0 2 0 1 2 3 1 3 1 2 
927,4,0,0 0 2 0 1 2 3 1 3 1 2 
928,4,0,0 0 2 0 1 2 3 1 3 1 2 
929,4,0,0 0 2 0 1 2 3 1 3 1 2 
930,4,0,0 0 2 0 1 2 3 1 3 1 2 
931,4,0,0 0 2 0 1 2 3 1 3 1 2 
932,4,0,0 0 2 0 1 2 3 1 3 1 2 
933,4,0,0 0 2 0 1 2 3 1 3 1 2 
934,4,0,0 0 2 0 1 2 3 1 3 1 2 
935,4,0,0 0 2 0 1 2 3 1 3 1 2 
936,4,0,0 0 2 0 1 2 3 1 3 1 2 
937,4,0,0 0 2 0 1 2 3 1 3 1 2 
938,4,0,0 0 2 0 1 2 3 1 3 1 2 
939,4,0,0 0 2 0 1 2 3 1 3 1 2 
940,4,0,0 0 2 0 1 2 3 1 3 1 2 
941,4,0,0 0 2 0 1 2 3 1 3 1 2 
942,4,0,0 0 2 0 1 2 3 1 3 1 2 
943,4,0,0 0 2 0 1 2 3 1 3 1 2 
944,4,0,0 0 2 0 1 2 3 1 3 1 2 
945,4,0,0 0 2 0 1 2 3 1 3 1 2 
946,4,0,0 0 2 0 1 2 3 1 3 1 2 
947,4,0,0 0 2 0 1 2 3 1 3 1 2 
948,4,0,0 0 2 0 1 2 3 1 3 1 2 
949,4,0,0 0 2 0 1 2 3 1 3 1 2 
950,4,0,0 0 2 0 1 2 3 1 3 1 2 
951,4,0,0 0 2 0 1 2 3 1 3 1 2 
952,4,0,0 0 2 0 1 2 3 1 3 1 2 
953,4,0,0 0 2 0 1 2 3 1 3 1 2 
954,4,0,0 0 2 0 1 2 3 1 3 1 2 
955,4,0,0 0 2 0 1 2 3 1 3 1 2 
956,4,0,0 0 2 0 1 2 3 1 3 1 2 
957,4,0,0 0 2 0 1 2 3 1 3 1 2 
958,4,0,0 0 2 0 1 2 3 1 3 1 2 
959,4,0,0 0 2 0 1 2 3 1 3 1 2 
960,4,0,0 0 2 0 1 2 3 1 3 1 2 
961,4,0,0 0 2 0 1 2 3 1 3 1 2 
962,4,0,0 0 2 0 1 2 3 1 3 1 2 
963,4,0,0 0 2 0 1 2 3 1 3 1 2 
964,4,0,0 0 2 0 1 2 3 1 3 1 2 
965,4,0,0 0 2 0 1 2 3 1 3 1 2 
966,4,0,0 0 2 0 1 2 3 1 3 1 2 
967,4,0,0 0 2 0 1 2 3 1 3 1 2 
968,4,0,0 0 2 0 1 2 3 1 3 1 2 
969,4,0,0 0 2 0 1 2 3 1 3 1 2 
970,4,0,0 0 2 0 1 2 3 1 3 1 2 
971,4,0,0 0 2 0 1 2 3 1 3 1 2 
972,4,0,0 0 2 0 1 2 3 1 3 1 2 
973,4,0,0 0 2 0 1 2 3 1 3 1 2 
974,4,0,0 0 2 0 1 2 3 1 3 1 2 
975,4,0,0 0 2 0 1 2 3 1 3 1 2 
976,4,0,0 0 2 0 1 2 3 1 3 1 2 
977,4,0,0 0 2 0 1 2 3 1 3 1 2 
978,4,0,0 0 2 0 1 2 3 1 3 1 2 
979,4,0,0 0 2 0 1 2 3 1 3 1 2 
980,4,0,0 0 2 0 1 2 3 1 3 1 2 
981,4,0,0 0 2 0 1 2 3 1 3 1 2 
982,4,0,0 0 2 0 1 2 3 1 3 1 2 
983,4,0,0 0 2 0 1 2 3 1 3 1 2 
984,4,0,0 0 2 0 1 2 3 1 3 1 2 
985,4,0,0 0 2 0 1 2 3 1 3 1 2 
986,4,0,0 0 2 0 1 2 3 1 3 1 2 
987,4,0,0 0 2 0 1 2 3 1 3 1 2 
988,4,0,0 0 2 0 1 2 3 1 3 1 2 
989,4,0,0 0 2 0 1 2 3 1 3 1 2 
990,4,0,0 0 2 0 1 2 3 1 3 1 2 
991,4,0,0 0 2 0 1 2 3 1 3 1 2 
992,4,0,0 0 2 0 1 2 3 1 3 1 2 
993,4,0,0 0 2 0 1 2 3 1 3 1 2 
994,4,0,0 0 2 0 1 2 3 1 3 1 2 
995,4,0,0 0 2 0 1 2 3 1 3 1 2 
996,4,0,0 0 2 0 1 2 3 1 3 1 2 
997,4,0,0 0 2 0 1 2 3 1 3 1 2 
998,4,0,0 0 2 0 1 2 3 1 3 1 2 
999,4,0,0 0 2 0 1 2 3 1 3 1 2 
1000,4,0,0 0 2 0 1 2 3 1 3 1 2 
1001,4,0,0 0 2 0 1 2 3 1 3 1 2 
